Episode,Episodic Reward,Cumulative Reward
1,188.75275039672852,188.75275039672852
2,141.88177967071533,165.31726503372192
3,36.625916957855225,122.42014900843303
4,96.97649002075195,116.05923426151276
5,68.87781429290771,106.62295026779175
6,94.77975416183472,104.64908425013225
7,51.25908184051514,97.02194104875836
8,82.45946145057678,95.20163109898567
9,223.4749994277954,109.45422757996454
10,22.322616577148438,100.74106647968293
11,22.375259399414062,93.61690219965848
12,23.634628534317017,87.78504606088002
13,97.20784759521484,88.50987694813655
14,42.91648483276367,85.25320608275277
15,24.381237030029297,81.1950748125712
16,111.63377785682678,83.09749375283718
17,-3.5116405487060547,78.00283879392288
18,48.517080545425415,76.36474111345079
19,81.06119155883789,76.61192271583958
20,45.53019142150879,75.05783615112304
21,120.11523532867432,77.2034265881493
22,92.32359313964844,77.89070688594471
23,65.77189612388611,77.36380207020304
24,14.066325187683105,74.72640720009804
25,-37.63671016693115,70.23188250541688
26,-16.491703987121582,66.89635994801155
27,100.28286957740784,68.1328973416929
28,117.41324424743652,69.89290973118374
29,119.04597759246826,71.58784310571079
30,132.36604022979736,73.61378300984701
31,47.9618353843689,72.78630082837996
32,72.5429916381836,72.77869741618633
33,104.68925189971924,73.74568391568732
34,93.6260175704956,74.33039961141698
35,215.48053741455078,78.36326069150653
36,121.3159761428833,79.55639167626698
37,212.63728761672974,83.15317264763084
38,128.6357593536377,84.35008282410472
39,-0.44290637969970703,82.17590361375075
40,153.8144884109497,83.96686823368073
41,35.304344177246094,82.77997740303597
42,142.14080810546875,84.19333051499866
43,-22.724921703338623,81.70685953317687
44,144.73070812225342,83.13921972838315
45,99.85156726837158,83.51060522927179
46,169.64961051940918,85.38319230079651
47,82.36865234375,85.31905315277425
48,106.01010513305664,85.75011673569679
49,58.15738868713379,85.18699983674652
50,224.6147599220276,87.97555503845214
51,85.15027904510498,87.92015746995514
52,-6.276097297668457,86.10869103211623
53,83.96616840362549,86.06826607686169
54,17.505783081054688,84.79859046582823
55,35.101272106170654,83.895002859289
56,-22.744916200637817,81.99071859036174
57,85.81607723236084,82.05783014548452
58,6.512553691864014,80.75532537904279
59,81.20234870910645,80.76290204565404
60,77.33209991455078,80.70572201013564
61,117.28154516220093,81.30532566836622
62,136.32882690429688,82.1928014947522
63,47.55412483215332,81.64298123026651
64,74.75596141815186,81.53537154570222
65,200.63798785209656,83.36771948887751
66,142.4173984527588,84.26241159439087
67,111.21304988861084,84.66465992714042
68,113.8570408821106,85.09395964706646
69,82.04285526275635,85.04974074294601
70,57.85358762741089,84.66122426986695
71,39.63756084442139,84.0270881652832
72,131.75286412239075,84.68994616468747
73,63.57615280151367,84.4007161186166
74,105.94290113449097,84.69182672693923
75,110.91901779174805,85.04152260780334
76,90.82421684265137,85.11761068984082
77,25.913073539733887,84.34872059698229
78,88.54937553405762,84.40257514745761
79,43.01413154602051,83.87867079807233
80,111.75583076477051,84.22713529765606
81,193.4151430130005,85.57513539290723
82,110.99452090263367,85.8851278991234
83,147.46987438201904,86.62711279650769
84,88.75953722000122,86.65249880154927
85,78.04333472251892,86.55121451826656
86,-37.002100467681885,85.11454806494159
87,63.57615280151367,84.86698030329299
88,63.57615280151367,84.62503908168186
89,63.57615280151367,84.38853474145525
90,37.776973724365234,83.87062850793203
91,104.92002940177917,84.10194060566661
92,63.57615280151367,83.87883421649103
93,13.82987117767334,83.12561956015966
94,93.6260175704956,83.23732592197175
95,71.77159214019775,83.11663398742675
96,-17.19025707244873,82.07177053888638
97,191.49635124206543,83.19985899974391
98,25.41370391845703,82.61020435605731
99,179.04046726226807,83.58424741571599
100,128.29882144927979,84.03139315605164
101,84.94960021972656,84.04048431509793
102,66.8897762298584,83.87234011818381
103,81.98374271392822,83.85400422105512
104,36.43544673919678,83.39805655296033
105,129.62950801849365,83.8383560907273
106,125.38413619995117,84.23029741251244
107,63.69580268859863,84.03838624686838
108,29.977083206176758,83.53781862612124
109,21.14281177520752,82.96538737060827
110,94.72646522521973,83.07230626019565
111,170.0707712173462,83.85607621476457
112,20.931950569152832,83.29425366435733
113,133.64950489997864,83.73987535670796
114,63.57615280151367,83.56300059745186
115,-0.6317253112792969,82.83087254607159
116,-14.970942497253418,81.98775345087051
117,4.1541242599487305,81.32250875693101
118,6.21175479888916,80.68597694372727
119,-66.75763177871704,79.44695502168992
120,52.63043689727783,79.22348403731982
121,79.77548360824585,79.22804601724482
122,160.75208830833435,79.89627587208983
123,36.784117698669434,79.54577052108641
124,94.65503215789795,79.66761940525424
125,62.483074426651,79.53014304542542
126,1.766240119934082,78.91296921268342
127,81.4142370223999,78.93266423480718
128,112.92669486999512,79.19824259914458
129,63.57615280151367,79.07714112784511
130,89.39393377304077,79.1565010712697
131,55.73673915863037,78.97772426277626
132,112.87129068374634,79.23449370535937
133,-28.097519874572754,78.42748608445763
134,116.8479151725769,78.71420570451822
135,70.76167678833008,78.65529808291683
136,45.01566982269287,78.40794787512107
137,130.71777820587158,78.78977145417764
138,10.986968755722046,78.29844679694244
139,65.41088247299194,78.20573050684209
140,20.63295841217041,77.79449642045158
141,27.02544593811035,77.43443223263355
142,91.13696575164795,77.53092894755619
143,58.32376289367676,77.39661310102557
144,16.810511589050293,76.97587628497018
145,63.57615280151367,76.88346439887738
146,115.89425468444824,77.15066159261416
147,14.507665634155273,76.72451876296478
148,47.174556732177734,76.52485685735135
149,115.89246082305908,76.78906896450376
150,28.432869911193848,76.46669430414836
151,121.43918132781982,76.76452534404022
152,-26.65542697906494,76.0841309208619
153,-45.91204595565796,75.28677028768203
154,84.86273002624512,75.34895184442594
155,82.25243091583252,75.39349041908018
156,63.57615280151367,75.317738254865
157,74.71931982040405,75.31392667247991
158,83.73883152008057,75.36724885505966
159,69.10188579559326,75.32784405594352
160,58.593851804733276,75.22325660437346
161,79.96219873428345,75.25269102754059
162,63.57615280151367,75.18061363108365
163,110.29704976081848,75.39605188954827
164,97.29547500610352,75.52958495733215
165,170.841139793396,76.10723074421738
166,125.73528003692627,76.4061948965831
167,97.37839984893799,76.53177696216606
168,128.72146701812744,76.84242987916583
169,147.682701587677,77.26160308454163
170,93.6260175704956,77.35786434622372
171,53.38413691520691,77.21766710978503
172,110.10840702056885,77.40889234182447
173,100.42449522018433,77.5419305087514
174,138.43810081481934,77.89190849901615
175,20.63295841217041,77.56471449851989
176,93.6260175704956,77.65597190233794
177,192.09154224395752,78.30250054833579
178,88.91376972198486,78.36211442009787
179,132.395170211792,78.66397506697884
180,192.55955624580383,79.29672829575009
181,26.369312286376953,79.00431163271487
182,39.136301040649414,78.78525662946177
183,90.17135715484619,78.84747575801579
184,215.7530918121338,79.59152801917946
185,26.100735187530518,79.30238859846786
186,107.39808750152588,79.45344074310795
187,56.18239736557007,79.32899666087512
188,151.3775281906128,79.71223353071416
189,67.52090549468994,79.64772914957118
190,-37.002100467681885,79.03378267790141
191,-1.4029195308685303,78.61264811136336
192,63.57615280151367,78.53433303162456
193,28.358518600463867,78.27435471850973
194,56.34760761260986,78.16133024889169
195,97.95872974395752,78.26285537450741
196,68.61995482444763,78.21365690231323
197,53.34776496887207,78.08743410062064
198,87.4236364364624,78.13458663767034
199,71.3831148147583,78.10065964358536
200,29.432944297790527,77.85732106685639
201,82.35938835144043,77.87971941155581
202,6.735627174377441,77.52752093513413
203,93.41091728210449,77.6057642668926
204,63.57615280151367,77.53699166167016
205,71.64728927612305,77.50826140613091
206,208.73439693450928,78.14528148151139
207,66.28894329071045,78.08800448542056
208,-7.263869285583496,77.67765893844458
209,51.11260223388672,77.55055340397301
210,162.25587940216064,77.95391209920247
211,26.14209270477295,77.70835845278337
212,100.89461898803711,77.81772760625155
213,40.57096195220947,77.64286016186638
214,49.10928201675415,77.50952568455277
215,21.429099082946777,77.24868649105693
216,45.87420845031738,77.10343427790536
217,-15.046385765075684,76.6787807293202
218,-0.6317253112792969,76.3241453805101
219,204.57074880599976,76.90974630939361
220,9.600634098052979,76.60379579934207
221,94.72646522521973,76.68579882841844
222,51.364370346069336,76.57173833975921
223,-32.659146308898926,76.08191374492218
224,77.63243007659912,76.08883569283145
225,78.01750564575195,76.09740755928887
226,82.04142665863037,76.12370852875499
227,20.23294162750244,75.87749369659088
228,105.9670000076294,76.00946521549893
229,74.73381567001343,76.00389469346625
230,34.15482521057129,75.82194221745367
231,113.84756183624268,75.98655528939648
232,92.14005994796753,76.05618246464894
233,106.45811700820923,76.18666287041529
234,27.714865684509277,75.97951843799689
235,56.31783103942871,75.89585168310937
236,82.27070426940918,75.92286377033945
237,117.42587566375732,76.09798196398256
238,5.159709930419922,75.79992199745499
239,63.57615280151367,75.7487765196477
240,37.49507761001587,75.58938610752423
241,36.06123352050781,75.42536887687271
242,28.422523975372314,75.23114224504833
243,66.57796382904053,75.19553245732814
244,43.876221656799316,75.06717462617843
245,111.3296890258789,75.21518488903435
246,114.04810905456543,75.37304230434138
247,71.02705669403076,75.35544722089884
248,63.57615280151367,75.30795006598196
249,23.0433292388916,75.09805199037115
250,63.57615280151367,75.05196439361572
251,24.04155731201172,74.84873568014319
252,-12.885273933410645,74.50058484834338
253,104.1978554725647,74.61796536464465
254,-63.385026931762695,74.07464649733596
255,70.55579233169556,74.06084706923541
256,-5.349401473999023,73.7506507858634
257,119.39119911193848,73.92824046806602
258,155.60189151763916,74.24480500701786
259,204.57074880599976,74.7479939792147
260,120.1107816696167,74.9224662395624
261,63.57615280151367,74.87899377428252
262,59.7212610244751,74.82113983248937
263,63.57615280151367,74.77838322780885
264,46.45770072937012,74.67110791531476
265,90.61270236968994,74.73126487551995
266,64.05603218078613,74.69113242178035
267,8.823144912719727,74.44443583934941
268,140.8865098953247,74.69235402612544
269,89.75584697723389,74.74835214118532
270,63.57615280151367,74.70697362511247
271,67.14117383956909,74.679055544723
272,-2.8475289344787598,74.39403133707889
273,98.97260475158691,74.48406274152762
274,-18.37129545211792,74.14517457293768
275,63.57615280151367,74.10674176649614
276,81.62703323364258,74.13398919934812
277,63.57615280151367,74.09587426650396
278,-1.2249088287353516,73.82493619781604
279,83.61144256591797,73.86001328157268
280,119.09628820419312,74.02157140629632
281,90.82421684265137,74.0813672975289
282,106.82763481140137,74.19748881353554
283,41.952866554260254,74.0835502189798
284,42.62916851043701,73.97279535380888
285,-20.85697650909424,73.64005931218465
286,116.08770680427551,73.7884776600591
287,49.98536396026611,73.70553998166261
288,94.3858232498169,73.77734652078814
289,69.20774841308594,73.76153476263
290,98.85148000717163,73.84805181519738
291,192.6055507659912,74.25615318616231
292,102.79859113693237,74.35390126133618
293,118.9383533000946,74.50606662665618
294,93.6260175704956,74.57110047340393
295,131.2331027984619,74.76317505755667
296,140.4788019657135,74.98518731062477
297,-25.560214519500732,74.64665060412602
298,140.32391786575317,74.86704411842679
299,22.05634069442749,74.69041969225957
300,171.01991605758667,75.01151801347733
301,72.3036241531372,75.00252168835992
302,104.21838474273682,75.09926295675189
303,27.717477321624756,74.94288742660297
304,104.21838474273682,75.03918840461655
305,134.00845575332642,75.23253026477626
306,50.54004669189453,75.1518358740152
307,82.45944499969482,75.17563916106954
308,130.14203357696533,75.35410148060167
309,150.24913358688354,75.59648022528219
310,228.4755163192749,76.08963840623056
311,236.48333716392517,76.60537377201092
312,63.57615280151367,76.56361344838754
313,274.83991503715515,77.19708406049223
314,99.4580774307251,77.26797894383692
315,77.29409790039062,77.26806186115931
316,161.04332733154297,77.53317346074913
317,46.232455253601074,77.43443302476443
318,112.38688826560974,77.54434640602496
319,55.11893272399902,77.47404730357347
320,27.59241771697998,77.31816721111537
321,135.40215682983398,77.49911421927337
322,78.45523881912231,77.50208355032879
323,-23.159208297729492,77.19043868392613
324,156.73685216903687,77.43595230579376
325,30.114949226379395,77.29034921939557
326,1.3951349258422852,77.05754181358712
327,167.5890543460846,77.33439659197396
328,23.873416900634766,77.17140580023208
329,28.934330940246582,77.02478855141753
330,72.88842248916626,77.01225410880464
331,131.5615701675415,77.17705566789448
332,84.46324729919434,77.19900202822973
333,170.19613075256348,77.47827268505955
334,155.79743933677673,77.7127612079689
335,58.329445362091064,77.65490056365283
336,104.68925189971924,77.73535994262923
337,54.17080879211426,77.66543545850307
338,63.57615280151367,77.62375119028712
339,126.82022666931152,77.76887353683291
340,139.05415773391724,77.94912437270669
341,95.7738516330719,78.00139630015644
342,92.1862313747406,78.04287242610552
343,-32.82085967063904,77.71965454827244
344,193.70493459701538,78.05682106004205
345,168.6985263824463,78.3195506406867
346,105.84051775932312,78.3990910080816
347,86.03870296478271,78.42110718086748
348,67.90278577804565,78.39088211936512
349,68.23306560516357,78.36177662792042
350,139.6915397644043,78.53700452259609
351,172.87612915039062,78.80577695743311
352,63.57615280151367,78.76251097971743
353,212.38951063156128,79.14105772094078
354,116.4767484664917,79.24652577389432
355,158.3521671295166,79.46935856644536
356,-32.659146308898926,79.15439085612137
357,41.38130855560303,79.04858390289863
358,-7.181983947753906,78.80771639493591
359,67.90278577804565,78.77734054363538
360,108.76811695098877,78.86064825587802
361,191.7438907623291,79.17334421849978
362,105.30630016326904,79.24553470453505
363,-3.4743518829345703,79.01765622908748
364,133.05448532104492,79.16610905626318
365,47.9618353843689,79.08061789551826
366,106.4613835811615,79.15542873072494
367,74.85055446624756,79.14369882809693
368,63.57615280151367,79.10139571389426
369,131.92843580245972,79.24455842416138
370,69.4699239730835,79.21814049321252
371,76.87681579589844,79.21182964497179
372,147.21087646484375,79.39462278158435
373,106.82763481140137,79.46816973072595
374,60.67982482910156,79.41793351441143
375,121.24338054656982,79.52946803983052
376,87.06744575500488,79.5495158529028
377,145.80501461029053,79.72525988143698
378,92.6447901725769,79.75943853300085
379,33.11712837219238,79.6363717515739
380,116.71687316894531,79.73395201846174
381,63.57615280151367,79.69154309663247
382,19.64604663848877,79.53435593312948
383,122.01703977584839,79.64527677867183
384,114.42327308654785,79.73584447739024
385,5.91368293762207,79.54409860326098
386,191.3676242828369,79.83379685631688
387,-83.05590724945068,79.4128932281366
388,76.15099143981934,79.40448626476464
389,43.49979591369629,79.3121862895691
390,192.49205017089844,79.602391068752
391,183.40843296051025,79.86787966694064
392,97.34115886688232,79.91245435877723
393,128.1306209564209,80.03514689464909
394,64.72988319396973,79.99630104769305
395,63.57615280151367,79.9547310521331
396,109.51941108703613,80.02938933504953
397,113.4484453201294,80.1135683173797
398,21.033296585083008,79.96512542357996
399,157.93383884429932,80.16053573290507
400,160.75208830833435,80.36201461434365
401,63.57615280151367,80.32015460982286
402,94.22595882415771,80.35474616259485
403,2.977170944213867,80.16274225386438
404,124.28651070594788,80.27195950250814
405,137.55956518650055,80.41341038074023
406,27.621334075927734,80.28338063614709
407,135.72925281524658,80.41961128032179
408,10.177123546600342,80.24744832019012
409,63.57615280151367,80.20668720645251
410,87.45294189453125,80.22436099837466
411,51.835044384002686,80.15528723532266
412,22.100834846496582,80.01437837030123
413,57.362298011779785,79.95953071810143
414,41.952866554260254,79.8677271814738
415,-64.63801741600037,79.51952056798591
416,55.66124629974365,79.46216894714878
417,63.57615280151367,79.42407298516883
418,59.09828424453735,79.37544669631565
419,13.186812400817871,79.21747859537174
420,108.38103008270264,79.28691562272253
421,169.96781158447266,79.50230967488821
422,94.02253818511963,79.53671779932004
423,67.90278577804565,79.50921441392695
424,63.57615280151367,79.47163643842597
425,40.757089138031006,79.38054338595447
426,97.34115886688232,79.42270445515852
427,113.63803005218506,79.50283402330145
428,125.23523235321045,79.60968542126852
429,46.45770072937012,79.53240806767435
430,21.162673950195312,79.39666449995929
431,21.65750503540039,79.26269893275612
432,113.98067569732666,79.34306461971116
433,17.200263023376465,79.19954775690206
434,110.38890886306763,79.27141264424345
435,73.30661582946777,79.25770046765777
436,63.57615280151367,79.22173361521249
437,149.64136791229248,79.38287694312342
438,41.83204936981201,79.29714446007934
439,127.15530395507812,79.40616076872398
440,63.57615280151367,79.37018347788941
441,-0.6317253112792969,79.18877325387768
442,118.20374727249146,79.2770424258655
443,137.07092714309692,79.40750266224751
444,63.57615280151367,79.37184646886749
445,74.10491561889648,79.36001066920463
446,63.57615280151367,79.32462085335779
447,128.9624729156494,79.43566750226671
448,60.001286029815674,79.39228718647999
449,98.80808925628662,79.43552950734816
450,100.51190757751465,79.48236590305964
451,63.57615280151367,79.44709713786774
452,45.96213340759277,79.37301535970342
453,187.9970841407776,79.61280359100822
454,115.14257717132568,79.69106300418072
455,40.66897678375244,79.60530017732263
456,-87.63959693908691,79.23853505206735
457,-10.35130786895752,79.04249600847649
458,43.499269008636475,78.9648907093502
459,76.17045474052429,78.95880261355755
460,102.27498388290405,79.00948996414309
461,144.4855682849884,79.15152050280003
462,101.62709140777588,79.20016892467227
463,151.3775281906128,79.35605954943671
464,101.86655855178833,79.4045735559073
465,15.63585376739502,79.26743652410404
466,13.923587799072266,79.12721367276278
467,63.57615280151367,79.09391375655025
468,68.83756184577942,79.07199847468964
469,113.76305150985718,79.14596660482859
470,92.45371055603027,79.17428095366093
471,22.100834846496582,79.05310590884741
472,64.28786182403564,79.02182361205756
473,28.451120376586914,78.9149088060629
474,110.82057619094849,78.98222034063018
475,49.35875701904297,78.91985515468998
476,102.51604557037354,78.96942698329437
477,148.56262969970703,79.11532468290949
478,159.31100416183472,79.28309807094071
479,31.237135887145996,79.18279334821881
480,26.208547592163086,79.07243033622701
481,55.03751754760742,79.02246170257085
482,49.55641555786133,78.96132882675195
483,45.41284799575806,78.89187027430683
484,19.82801866531372,78.76983752304858
485,67.7526159286499,78.74712160223538
486,148.56982326507568,78.89078971265275
487,98.7555639743805,78.93157980353925
488,152.17589282989502,79.08167060892113
489,-12.290299415588379,78.89481586449473
490,-1.2249088287353516,78.73130622226365
491,121.4102201461792,78.81822865388058
492,71.69056558609009,78.8037415338241
493,54.17080879211426,78.75377615300927
494,134.56618976593018,78.8667567473674
495,11.355924129486084,78.73037122692725
496,61.470598220825195,78.69557329747946
497,134.56618976593018,78.80798902478017
498,-15.417463302612305,78.61878128918299
499,47.61746025085449,78.5566543933146
500,86.96838092803955,78.57347784638405
501,28.297929763793945,78.47312745100962
502,14.725718975067139,78.34614058153562
503,115.00984764099121,78.41903065521248
504,47.9618353843689,78.35859971221477
505,69.44862461090088,78.34095619716267
506,175.3096160888672,78.53259386493284
507,26.15931272506714,78.42929350765499
508,31.36831045150757,78.3366537772295
509,89.94539451599121,78.35946073349426
510,66.25077295303345,78.33571820843453
511,96.17373633384705,78.37062626738837
512,76.33754014968872,78.36665539606474
513,63.57615280151367,78.33782400699154
514,100.8726692199707,78.38166611830084
515,106.39201211929321,78.43605513966199
516,82.14543724060059,78.44324386466381
517,63.57615280151367,78.41448740225927
518,53.10591125488281,78.3656291471485
519,151.42429733276367,78.50639729394159
520,63.57615280151367,78.47768528530231
521,7.211431503295898,78.34089785002014
522,29.105024337768555,78.24657625325338
523,86.0382068157196,78.26147420843974
524,49.71681094169617,78.20699966022076
525,92.8034610748291,78.23480244386764
526,62.54312229156494,78.20497035232334
527,63.57615280151367,78.177211685244
528,75.84476947784424,78.17279418106332
529,43.49979591369629,78.10724976089817
530,79.38957691192627,78.10966924608879
531,107.84029006958008,78.16565911581287
532,39.13716983795166,78.092297293862
533,-3.8043479919433594,77.93864505129952
534,63.57615280151367,77.9117489983973
535,28.50997257232666,77.8194092293766
536,193.62730646133423,78.03546873913773
537,114.64995384216309,78.10365213783982
538,134.8678684234619,78.209161833538
539,76.81125164031982,78.20656830813314
540,170.62957954406738,78.37772203264413
541,57.77112913131714,78.33963221212412
542,115.6957197189331,78.40855488280089
543,63.57615280151367,78.38123922519263
544,138.35587406158447,78.4914867157007
545,85.39119958877563,78.50414673932102
546,65.74498462677002,78.48077831054346
547,69.54045677185059,78.46443402985115
548,63.57615280151367,78.43726563344907
549,136.43438816070557,78.54290702238761
550,85.58819103240967,78.55571662967856
551,97.77819919586182,78.59060316791118
552,16.170851707458496,78.47752390801907
553,61.42036771774292,78.44667914094804
554,43.61710071563721,78.3838098658121
555,54.13580369949341,78.34011976461153
556,158.8454818725586,78.48491358135244
557,170.92968273162842,78.65088264625419
558,136.3369767665863,78.75426274324404
559,202.5212574005127,78.97567060488494
560,39.23444366455078,78.90470412820578
561,202.87601947784424,79.1256868650144
562,192.89802980422974,79.32812875636532
563,91.18288612365723,79.34918516376726
564,48.80617713928223,79.2950308942203
565,75.19088101387024,79.28776691213119
566,-76.30313444137573,79.01287132670096
567,123.38054466247559,79.09112119149069
568,240.1340627670288,79.37464749708143
569,144.46454334259033,79.48904098714382
570,84.38432788848877,79.49762920977777
571,104.21838474273682,79.54092300230484
572,155.48457622528076,79.67369162682053
573,128.91129207611084,79.75962112149644
574,-3.5116405487060547,79.61454923705357
575,140.3044571876526,79.72009690305461
576,63.57615280151367,79.69206922232277
577,165.4393413066864,79.8406780127636
578,141.87136220932007,79.94799753559502
579,64.51342964172363,79.92134025080422
580,-2.293186664581299,79.77959106646735
581,84.2636833190918,79.78730895330492
582,103.38865995407104,79.82786110279076
583,64.85367393493652,79.80217639066751
584,61.27156448364258,79.77044589082672
585,56.97737503051758,79.73148337653559
586,23.71557378768921,79.63589308713483
587,23.82001781463623,79.54080641716465
588,132.3603687286377,79.6306356047692
589,166.8569097518921,79.77872775102917
590,147.5174617767334,79.89353916463206
591,117.7744619846344,79.95763548074035
592,146.2727451324463,80.0696542470439
593,155.53249382972717,80.19691030030307
594,98.67743396759033,80.22802229300893
595,79.75532245635986,80.22722783950196
596,89.9939546585083,80.24361496503721
597,225.47563219070435,80.48688467563296
598,47.48926544189453,80.43170471035916
599,124.44612836837769,80.50518454952113
600,106.98215579986572,80.54931283493836
601,28.72653031349182,80.46308524338853
602,164.1146273612976,80.6020412934183
603,113.65866088867188,80.65686155808703
604,8.564717769622803,80.53750370413262
605,63.57615280151367,80.5094684133845
606,44.61787700653076,80.45024136485833
607,61.90699028968811,80.41969235155491
608,46.139957427978516,80.36331120858851
609,22.08379888534546,80.26761414401832
610,104.21838474273682,80.30687770237688
611,60.916433334350586,80.27514211421317
612,-12.186752319335938,80.12406058736097
613,105.32277774810791,80.16516779316969
614,86.21274662017822,80.17501727008664
615,40.27987575531006,80.11014712128213
616,169.40881538391113,80.25511249183835
617,-10.866087913513184,80.10742821241314
618,54.87952423095703,80.06660636131046
619,109.96375179290771,80.11490546540027
620,29.061396598815918,80.03256109626062
621,71.24923515319824,80.0184172541623
622,122.56343078613281,80.08681759746128
623,28.72653031349182,80.00437732894768
624,132.71572351455688,80.08885064014258
625,-6.448785781860352,79.95039042186737
626,203.63745594024658,80.14797359362197
627,77.59443283081055,80.14390096082641
628,40.09174299240112,80.08012363922064
629,111.29535341262817,80.12975039561717
630,144.19236993789673,80.23143709330331
631,-67.9499740600586,79.9966012594628
632,42.535634994506836,79.93732757866383
633,33.51114273071289,79.86398447463863
634,110.9845871925354,79.91307059879935
635,50.69694471359253,79.86706095173604
636,71.02705669403076,79.85316157397234
637,29.858027458190918,79.77467627708728
638,74.73381567001343,79.766775241653
639,119.30015802383423,79.82864282034186
640,80.42666101455688,79.82957722377031
641,92.1588487625122,79.84881165674808
642,45.82527685165405,79.79581549661553
643,105.24250221252441,79.83539043707573
644,51.661582946777344,79.79164228879887
645,63.57615280151367,79.76650199502014
646,49.25021028518677,79.71926315336404
647,139.6025948524475,79.81181853466093
648,5.993650913238525,79.69790160931923
649,-25.560214519500732,79.53571653053831
650,87.26544189453125,79.54760841571368
651,218.35703945159912,79.76083334818047
652,149.61957788467407,79.86797866188675
653,-1.1082584857940674,79.74397217314605
654,90.17135715484619,79.75991618687954
655,-14.970942497253418,79.61528892171292
656,77.29409790039062,79.61175052076578
657,19.068902015686035,79.51960006642015
658,103.75448513031006,79.55643119873609
659,149.97470235824585,79.66328745239241
660,101.57280540466309,79.69648369171402
661,116.20027875900269,79.75170879771598
662,57.52887153625488,79.71813955713975
663,77.29409790039062,79.71448338571177
664,79.58134078979492,79.71428286975407
665,-48.226868629455566,79.5218901607327
666,-9.722467422485352,79.38788962382097
667,125.91696643829346,79.45764835967475
668,63.600815773010254,79.43391058634141
669,77.01416301727295,79.43029362435476
670,36.06123352050781,79.36556368390126
671,63.57615280151367,79.34203252014211
672,63.57615280151367,79.31857138960844
673,114.99126482009888,79.37157687761808
674,68.83756184577942,79.35594777519695
675,77.34864807128906,79.35297399785783
676,71.20524978637695,79.34092115139114
677,12.114663124084473,79.24162091796825
678,69.20774841308594,79.22682169598464
679,15.135520458221436,79.13243097251224
680,96.6173620223999,79.15814410640913
681,39.103848457336426,79.09932722586717
682,73.91664695739746,79.09172798793686
683,107.43469619750977,79.13322574519832
684,28.251681327819824,79.05883752236589
685,38.77007007598877,79.00002180346607
686,68.23306560516357,78.98432653203997
687,33.16281604766846,78.91762855462459
688,48.517080545425415,78.87344171158796
689,16.799139976501465,78.78334838541222
690,46.80427360534668,78.73700190022372
691,150.53606629371643,78.84090792684238
692,91.78568601608276,78.85961425356093
693,147.64884281158447,78.95887720963312
694,59.762550354003906,78.93121679629647
695,4.824236869812012,78.82458804820081
696,108.41433238983154,78.86710204869166
697,77.68234491348267,78.86540225366267
698,128.46333026885986,78.93645945712284
699,51.364370346069336,78.89701440832305
700,63.57615280151367,78.87512746317046
701,6.327166557312012,78.77163536487394
702,160.83988046646118,78.88854169692749
703,113.57579040527344,78.93788344473452
704,13.534154891967773,78.84498042122208
705,189.3722721338272,79.00175672152363
706,63.57615280151367,78.97990742418651
707,41.683330059051514,78.92715413229806
708,91.9368212223053,78.9455293683009
709,167.07675075531006,79.06983292455902
710,130.18145656585693,79.14182112687071
711,63.57615280151367,79.11992848506289
712,23.24116802215576,79.04144707991836
713,-17.747907638549805,78.90569763431041
714,86.3004207611084,78.91605438938996
715,61.36702108383179,78.8915102868647
716,65.28910875320435,78.87251251935959
717,14.625571250915527,78.78290730141197
718,12.28784465789795,78.69029579355193
719,-47.77596187591553,78.51440391918548
720,96.41827964782715,78.53927041325304
721,25.61589241027832,78.46586766983698
722,55.03751754760742,78.43341843144054
723,102.37624549865723,78.46653437482536
724,28.72653031349182,78.39783271175722
725,63.57615280151367,78.3773890153293
726,58.58403301239014,78.35012543956768
727,63.99319839477539,78.33037725931348
728,44.13996601104736,78.28341240869774
729,21.749741554260254,78.20586279161346
730,77.18473625183105,78.20446398813431
731,101.01566123962402,78.2356694563306
732,57.59066963195801,78.20746590465795
733,71.99809551239014,78.19899473086222
734,100.21150302886963,78.22898452418377
735,202.62396669387817,78.39822939788404
736,48.94326972961426,78.35820907224779
737,36.50894212722778,78.30142580637938
738,73.08606576919556,78.29435892286017
739,63.57615280151367,78.2744425410992
740,20.065911293029785,78.19578236373695
741,116.42569398880005,78.2473746871176
742,173.1574592590332,78.37528585230886
743,87.57872295379639,78.38767271247238
744,191.75029373168945,78.54004182674552
745,-53.54398059844971,78.36274783691304
746,96.3355598449707,78.3868400782107
747,124.30405950546265,78.44830891278534
748,112.77338123321533,78.49419804690356
749,12.747442245483398,78.40641866666134
750,66.28894329071045,78.39026203282674
751,46.4525728225708,78.34773514972387
752,15.040923595428467,78.26355055989103
753,127.73970556259155,78.32925594502078
754,101.57280540466309,78.36008293369404
755,79.31298351287842,78.36134505366647
756,93.06611824035645,78.38079581184992
757,190.72376108169556,78.5292013141879
758,76.65846681594849,78.5267333267232
759,57.741000175476074,78.49934764404699
760,23.320703506469727,78.4267441649186
761,16.797191619873047,78.34575920756637
762,155.59439086914062,78.44713536460256
763,82.14543724060059,78.45198241817529
764,93.6260175704956,78.47184372073069
765,93.6260175704956,78.49165309831209
766,158.0204095840454,78.59547654019946
767,54.835596799850464,78.5644988612681
768,63.57615280151367,78.54498278566946
769,32.46206331253052,78.48505701262248
770,190.5701060295105,78.63062201134571
771,153.85361218452454,78.72818749795164
772,139.6915397644043,78.80715557083565
773,63.57615280151367,78.787451815636
774,33.05786180496216,78.72836965799948
775,158.9348816871643,78.8318619315855
776,-4.547659873962402,78.72441409420722
777,189.4843897819519,78.86696232546556
778,47.9618353843689,78.8272385119166
779,64.42200088500977,78.80874655090645
780,101.86655855178833,78.83830784834348
781,172.7650408744812,78.9585725513219
782,-52.52562952041626,78.79043418550125
783,67.45327758789062,78.77595505830124
784,14.921915054321289,78.69450857870433
785,157.14406967163086,78.79444432531952
786,103.21283864974976,78.82551098476536
787,121.24338054656982,78.87940916718189
788,131.66150569915771,78.94639152318693
789,152.52014684677124,79.03964089622062
790,68.17816162109375,79.02589218827742
791,54.79497480392456,78.99525891724791
792,97.79785537719727,79.0189995693438
793,136.49289226531982,79.09147610489988
794,28.407309532165527,79.02764214196193
795,96.23506903648376,79.0492867040934
796,71.02705669403076,79.0392085256888
797,31.276975631713867,78.97928100637391
798,155.25984239578247,79.07487068230049
799,115.64055156707764,79.12063498878956
800,124.45384120941162,79.17730149656535
801,63.57615280151367,79.15782440705841
802,124.30267810821533,79.21411474833167
803,74.630699634552,79.20840688393095
804,139.03641986846924,79.28281983540425
805,127.45088958740234,79.34265594689742
806,129.79188919067383,79.40524804769615
807,86.60625076293945,79.41417122330364
808,63.57615280151367,79.39456971535589
809,96.82346963882446,79.41611347298686
810,75.00559186935425,79.41066838458732
811,112.6171350479126,79.45161347295148
812,121.04671669006348,79.50283896952428
813,74.10491561889648,79.49619945740788
814,63.57615280151367,79.47664166053332
815,-21.209490299224854,79.35310039432503
816,128.29929542541504,79.41308347647096
817,156.5373330116272,79.50748280270739
818,61.42036771774292,79.48537141507296
819,135.5973253250122,79.55388417930976
820,-41.44342660903931,79.40632648322641
821,130.14203357696533,79.46812393401049
822,107.96197032928467,79.50278798072007
823,84.1516752243042,79.5084366894
824,63.57615280151367,79.48910139341956
825,-3.646787643432617,79.38833061882944
826,-10.609426975250244,79.27937449583419
827,81.83572196960449,79.28246560523415
828,109.20582628250122,79.3186049297236
829,124.53756952285767,79.37315132850905
830,77.48886775970459,79.37088110734182
831,94.02253818511963,79.38851246363276
832,108.88679671287537,79.42396713220157
833,63.57615280151367,79.40494214500985
834,95.08619022369385,79.4237446007397
835,-30.55576515197754,79.2920326130119
836,84.22067260742188,79.29792811539755
837,104.00080680847168,79.32744171001293
838,37.761338233947754,79.27784015455224
839,69.49399471282959,79.26617883698165
840,63.57615280151367,79.24750023455847
841,82.72384357452393,79.25163381760242
842,23.62721061706543,79.18557155726924
843,160.2647728919983,79.28175091828315
844,89.19281244277954,79.29349388217474
845,-28.65211296081543,79.16574760188718
846,55.32686901092529,79.13756925839904
847,112.89276218414307,79.17742190648138
848,116.8479151725769,79.22184465797443
849,140.4788019657135,79.29399655115198
850,128.35595607757568,79.351716503536
851,79.82856321334839,79.3522768404453
852,217.34116172790527,79.51423562552448
853,68.681809425354,79.50153641544222
854,88.3744888305664,79.51192628946461
855,28.297929763793945,79.45202687832347
856,27.342576026916504,79.3911513516279
857,72.51345300674438,79.38312603267238
858,94.22595882415771,79.40042537159019
859,164.45934534072876,79.49944623302109
860,7.9624857902526855,79.41626372087833
861,77.29409790039062,79.41379895221343
862,69.54045677185059,79.40234495896475
863,-9.583185195922852,79.29923310478759
864,90.45858860015869,79.31214902549982
865,63.57615280151367,79.2939571223507
866,135.72925281524658,79.35912490028707
867,45.61565017700195,79.32020509091765
868,87.23441791534424,79.32932284762782
869,105.5501184463501,79.35949637535938
870,23.30017375946045,79.2950603723526
871,81.1215181350708,79.29715733878511
872,-51.43423938751221,79.14723601226413
873,162.08563899993896,79.2422399103027
874,35.301856994628906,79.19196487264175
875,63.57615280151367,79.17411823027474
876,92.98391795158386,79.18988284182875
877,86.11783981323242,79.1977824506901
878,66.93567943572998,79.1838165019259
879,122.15525650978088,79.2327032368609
880,213.03918170928955,79.38475605330684
881,86.09159469604492,79.39236880999553
882,36.06123352050781,79.34324053869226
883,101.66618394851685,79.36852133530587
884,93.6260175704956,79.3846497247122
885,132.4711275100708,79.44463444537362
886,72.47763586044312,79.43677101581953
887,67.18771553039551,79.42296148314148
888,82.25463247299194,79.42615030182374
889,62.95223045349121,79.4076194583498
890,81.25469493865967,79.40969482405802
891,41.53800010681152,79.36719011618231
892,-30.452826976776123,79.24407350509156
893,88.1388168334961,79.25403402393636
894,140.79644775390625,79.32287341289606
895,130.92804336547852,79.3805328206643
896,-34.7857723236084,79.25311506938722
897,77.34864807128906,79.25099191777284
898,185.8885269165039,79.36974195674692
899,69.93957710266113,79.35925234066896
900,119.99498558044434,79.40440315537982
901,16.984105110168457,79.33512424522976
902,119.70292353630066,79.3798779029804
903,84.34691905975342,79.38537850226807
904,89.79676818847656,79.39689552625724
905,77.29409790039062,79.39457199296899
906,20.559309005737305,79.32963240909787
907,131.0176773071289,79.3866203307054
908,32.32430410385132,79.33478958596217
909,170.0935730934143,79.43463423228499
910,56.31783103942871,79.40923115185329
911,115.47511291503906,79.44882048419488
912,90.71681022644043,79.46117573610523
913,100.98926949501038,79.48475524734171
914,67.16384553909302,79.47127503978345
915,34.7385311126709,79.42238679505436
916,106.5489387512207,79.4520009347445
917,160.4064564704895,79.5402827837475
918,85.12660694122314,79.54636810418047
919,115.03515720367432,79.58498484966415
920,135.9551863670349,79.6462568078352
921,-2.835296630859375,79.55670028944357
922,136.6345829963684,79.61860688673958
923,127.06233072280884,79.67000853769957
924,113.24114179611206,79.70634093300089
925,136.62693309783936,79.76787670831422
926,83.95382118225098,79.77239716670941
927,113.85522556304932,79.80916397188345
928,-51.42968940734863,79.66774279367307
929,100.2953987121582,79.689946944285
930,119.57297277450562,79.732831918296
931,63.34328842163086,79.71522768253159
932,158.4098973274231,79.79966402335228
933,204.57074880599976,79.93339508957163
934,90.17135715484619,79.94435650505908
935,94.45001339912415,79.95987057660352
936,90.45858860015869,79.97108715568852
937,7.211431503295898,79.89343544207871
938,226.9749321937561,80.05023874351973
939,28.830604553222656,79.9956917422521
940,66.93567943572998,79.98179811213879
941,84.04812431335449,79.98611939396793
942,131.65405082702637,80.04096857807944
943,182.477112531662,80.1495965144035
944,57.77112913131714,80.12589051081973
945,42.94640064239502,80.08654713529758
946,55.03751754760742,80.06006824567001
947,149.28093457221985,80.13316314147417
948,116.55772876739502,80.17158567905426
949,78.5533618927002,80.16988049065979
950,31.475887298583984,80.11862365572077
951,82.36865234375,80.1209896164863
952,-22.776899099349976,80.01290359892765
953,110.21380853652954,80.04459395038369
954,113.44626235961914,80.07960618142062
955,74.5645079612732,80.07383120946236
956,51.360435485839844,80.04379627669705
957,121.1777138710022,80.08677842674335
958,23.978530883789062,80.02821031866094
959,87.14530849456787,80.03563169319264
960,104.37101531028748,80.06098105112711
961,204.57074880599976,80.19054376471179
962,75.98515224456787,80.1861722558551
963,40.5513219833374,80.14501457125228
964,30.31918239593506,80.09332802335257
965,85.55811524391174,80.09899101529096
966,105.05556297302246,80.12482597590974
967,61.00041055679321,80.10504891756526
968,46.577632188797,80.07041315648182
969,37.3092565536499,80.02628399590098
970,72.42150115966797,80.01844401359558
971,112.3578085899353,80.05174922943115
972,-25.05755376815796,79.94361208642951
973,86.64650344848633,79.9505009778602
974,113.24114179611206,79.98468028054835
975,71.7970085144043,79.97628266848051
976,95.3258638381958,79.99200969836751
977,79.64405679702759,79.99165355414915
978,153.80451726913452,80.06712682993134
979,39.8572461605072,80.02605442883898
980,56.31783103942871,80.00186236415591
981,43.55586862564087,79.96471048470788
982,-10.623690605163574,79.87246160376097
983,-14.970942497253418,79.7759779780224
984,139.21244955062866,79.83638089628724
985,57.02180480957031,79.81321889010783
986,73.28109836578369,79.8065940214219
987,185.8885269165039,79.914073183423
988,162.31190824508667,79.99747180190646
989,166.8569097518921,80.08529732056165
990,112.83602952957153,80.11837886824752
991,116.8479151725769,80.15544197249004
992,74.14986801147461,80.14938796648094
993,90.17135715484619,80.1594805839919
994,-22.776899099349976,80.05592285795231
995,94.85901403427124,80.07080033652147
996,87.23441791534424,80.0779927236488
997,125.01399326324463,80.12306393783095
998,15.114981651306152,80.05792557882641
999,81.62703323364258,80.05949625715957
1000,63.57615280151367,80.04301291370392
